"season","Region","village","household","DogID","sex","health","hunt.HH","d.monitored","rr","ctmm.model","AKDE95","AKDEcore","speed","prop.HH","prop.village","space.model","p.space.cat","p.space.YN","np","p.speed.cat","p.speed.YN","nv"
"Wet","Sarh.W","Bembaya","BEM01","BEM01A","M","Good","N",21,"Y","OU anisotropic",125798,19060,NA,81,94,"OU anisotropic harmonic 4","24hr",1,35.98,NA,NA,NA
"Wet","Sarh.W","Bembaya","BEM02","BEM02A","M","Good","Y",11,"Y","OUF anisotropic",1117207,126492,1.1,43,89,"OUF anisotropic harmonic 6","None",0,NA,"6hr",1,7.39
"Wet","Sarh.W","Bembaya","BEM03","BEM03A","M","Poor","Y",43,"Y","OUF anisotropic",20061355,2526569,1.26,71,84,"OUF anisotropic harmonic 1","24hr",1,33.32,"12hr",1,13.25
"Wet","Sarh.W","Bembaya","BEM03","BEM03B","F","Good","Y",11,"Y","OUF anisotropic",6540947,579716,1.51,68,86,"OUF anisotropic harmonic 0","None",0,NA,"None",0,NA
"Wet","Sarh.W","Bembaya","BEM03","BEM03C","F","Moderate","Y",52,"Y","OUF anisotropic",17821028,2076236,1.29,74,84,"OUF anisotropic harmonic 1","24hr",1,29.9,"12hr",1,10.7
"Wet","Sarh.W","Bembaya","BEM03","BEM03D","M","Moderate","Y",50,"Y","OUF anisotropic",3486242,585858,1.09,52,89,"OUF anisotropic harmonic 1","None",0,NA,"24hr",1,3.98
"Wet","Sarh.W","Bembaya","BEM03","BEM03E","M","Moderate","Y",52,"Y","OUF anisotropic",14360791,1657200,1.16,63,85,"OUF anisotropic harmonic 7","None",0,NA,"24hr",1,12.59
"Wet","Sarh.W","Bembaya","BEM04","BEM04A","F","Moderate","Y",52,"Y","OUF anisotropic",101813,8834,1.33,88,95,"OUF anisotropic harmonic 12","24hr",1,34.36,"24hr",1,4.63
"Wet","Sarh.W","Bembaya","BEM05","BEM05A","F","Moderate","Y",36,"Y","OUF anisotropic",2338351,164039,1.32,42,77,"OUF anisotropic harmonic 2","24hr",1,35.92,"24hr",1,4.32
"Wet","Sarh.W","Bembaya","BEM06","BEM06A","F","Moderate","N",26,"Y","OUF anisotropic",358306,41867,1.18,43,89,"OUF anisotropic harmonic 3","None",0,NA,"24hr",1,2.93
"Wet","Sarh.W","Bembaya","BEM06","BEM06B","F","Moderate","N",42,"Y","OUF anisotropic",22530128,2848637,1.36,76,82,"OUF anisotropic harmonic 4","24hr",1,34.82,"12hr",1,15.83
"Wet","Sarh.W","Bembaya","BEM07","BEM07A","M","Good","N",41,"Y","OUF anisotropic",23265454,2858164,1.47,65,80,"OUF anisotropic harmonic 5","24hr",1,36.02,"12hr",1,15.5
"Wet","Sarh.E","Marabodokouya","DAN01","DAN01A","F","Poor","Y",32,"Y","OUF anisotropic",3284622,245482,1.38,6,75,"OUF anisotropic harmonic 0","None",0,NA,"None",0,NA
"Wet","Sarh.E","Marabodokouya","DAN02","DAN02A","M","Moderate","N",40,"Y","OUF anisotropic",105309,21554,0.92,91,95,"OUF anisotropic harmonic 0","None",0,NA,"None",0,NA
"Wet","Sarh.E","Marabodokouya","DAN02","DAN02B","F","Poor","N",23,"Y","OUF anisotropic",707576,164652,1.14,85,91,"OUF anisotropic harmonic 2","None",0,NA,"24hr",1,2.46
"Wet","Sarh.E","Marabodokouya","DAN03","DAN03A","M","Poor","Y",47,"Y","OUF anisotropic",1938233,117792,1.05,80,89,"OUF anisotropic harmonic 3","None",0,NA,"24hr",1,6.09
"Wet","Sarh.E","Marabodokouya","DAN04","DAN04A","M","Good","Y",8,"Y","OUF anisotropic",10194582,2128119,1.54,72,85,"OUF anisotropic harmonic 2","24hr",1,30.01,"12hr",1,9.52
"Wet","Sarh.E","Marabodokouya","DAN04","DAN04B","M","Moderate","Y",31,"Y","OUF anisotropic",74172,9222,0.98,82,90,"OUF anisotropic harmonic 3","12hr",1,10.35,"12hr",1,0.85
"Wet","Sarh.E","Marabodokouya","DAN05","DAN05A","F","Poor","N",48,"Y","OU anisotropic",79256,5974,NA,88,93,"OUF anisotropic harmonic 3","12hr",1,12.68,NA,NA,0
"Wet","Sarh.E","Marabodokouya","DAN07","DAN07A","M","Moderate","Y",10,"Y","OUF anisotropic",8100,1950,0.49,94,99,NA,NA,NA,NA,NA,NA,NA
"Wet","Sarh.E","Marabodokouya","KIL03","KIL03A","M",NA,"N",52,"Y","OUF anisotropic",79689,8761,1.64,74,89,"OUF anisotropic harmonic 4","12hr",1,26.93,"12hr",1,1.56
"Wet","Sarh.E","Marabodokouya","KIL04","KIL04A","M","Moderate","N",3,"Y","OU anisotropic",87233,19005,NA,0,92,"OU anisotropic harmonic 4","None",0,NA,NA,NA,NA
"Wet","Sarh.E","Marabodokouya","KIL05","KIL05A","F","Moderate","N",40,"Y","OUF anisotropic",4761759,1210476,0.88,58,92,"OUF anisotropic harmonic 1","None",0,NA,"12hr",1,2.86
"Wet","Sarh.E","Marabodokouya","KIL06","KIL06A","M","Good","N",52,"Y","OUF anisotropic",29636,3225,1.53,90,97,"OUF anisotropic harmonic 10","12hr",1,17.56,"12hr",1,1.86
"Wet","Sarh.E","Marabodokouya","KIL07","KIL07A","F","Moderate","N",11,"Y","OUF anisotropic",1134799,84301,1.8,62,76,"OUF anisotropic harmonic 5","6hr",1,45.01,"12hr",1,8.5
"Wet","Sarh.W","Kira","KRA02","KRA02A","M","Good","N",25,"Y","OUF anisotropic",242659,33521,1.07,80,96,"OUF anisotropic harmonic 6","6hr",1,26.42,"12hr",1,5.8
"Wet","Sarh.W","Kira","KRA02","KRA02B","F","Good","N",41,"Y","OUF anisotropic",53719,13205,0.73,92,98,"OUF anisotropic harmonic 4","12hr",1,17.02,"24hr",1,2.95
"Wet","Sarh.W","Kira","KRA03","KRA03A","F","Poor","N",53,"Y","OU anisotropic",30552,5759,NA,61,99,"OU anisotropic harmonic 5","24hr",1,34.1,NA,NA,NA
"Wet","Sarh.W","Kira","KRA03","KRA03B","F","Good","N",53,"Y","OU anisotropic",20400,2970,NA,76,100,"OUF anisotropic harmonic 4","24hr",1,17.58,NA,NA,0.62
"Wet","Sarh.W","Kira","KRA04","KRA04A","F","Moderate","N",54,"Y","OUF anisotropic",1324568,220761,0.87,66,91,"OUF anisotropic harmonic 2","None",0,NA,"6hr",1,4.22
"Wet","Sarh.W","Kira","KRA04","KRA04B","M","Moderate","N",53,"Y","OUF anisotropic",859117,233167,0.72,88,98,"OUF anisotropic harmonic 3","None",0,NA,"12hr",1,3.97
"Wet","Sarh.W","Kira","KRA05","KRA05A","M","Good","Y",53,"Y","OUF anisotropic",2620607,161242,1.3,64,88,"OUF anisotropic harmonic 6","24hr",1,16.95,"24hr",1,6.07
"Wet","Sarh.W","Kira","KRA06","KRA06A","M","Poor","Y",52,"Y","OUF anisotropic",263347,50105,0.91,51,93,"OUF anisotropic harmonic 1","24hr",1,14.15,"12hr",1,1.53
"Wet","Sarh.W","Kira","KRA06","KRA06B","F","Good","Y",54,"Y","OUF anisotropic",94708,15897,1,88,97,"OUF anisotropic harmonic 1","None",0,NA,"24hr",1,0.76
"Wet","Sarh.W","Kira","KRA07","KRA07A","F","Moderate","N",53,"Y","OUF anisotropic",507970,83278,1.1,46,92,"OUF anisotropic harmonic 5","24hr",1,33.79,"24hr",1,9.47
"Wet","Sarh.W","Kira","KRA08","KRA08A","F","Poor","N",54,"Y","OU anisotropic",4314,984,NA,97,100,"OU anisotropic harmonic 3","24hr",1,16.54,NA,NA,NA
"Wet","Sarh.W","Kira","KRA09","KRA09A","F","Moderate","N",53,"Y","OUF anisotropic",144872,28475,0.79,86,97,"OUF anisotropic harmonic 0","None",0,NA,"None",0,NA
"Wet","Sarh.W","Kira","KRA10","KRA10A","F","Good","Y",53,"Y","OUF anisotropic",3588294,146997,1.21,60,89,"OUF anisotropic harmonic 5","None",0,NA,"24hr",1,6.33
"Wet","Sarh.W","Kira","KRA10","KRA10B","M","Moderate","Y",16,"Y","OUF anisotropic",2039018,132471,1.16,73,90,"OUF anisotropic harmonic 8","None",0,NA,"24hr",1,12.09
"Wet","Sarh.W","Kira","KRA10","KRA10C","M","Moderate","Y",3,"Y","OUF isotropic",10592498,1968401,1.3,32,78,"OUF anisotropic harmonic 1","None",0,NA,"24hr",1,8.85
"Wet","Sarh.W","Kira","KRA11","KRA11A","F","Moderate","Y",53,"Y","OUF anisotropic",629706,52321,1.22,68,90,"OUF anisotropic harmonic 6","24hr",1,21.43,"12hr",1,3.72
"Wet","Sarh.W","Kira","KRA12","KRA12A","F","Moderate","N",42,"Y","OUF anisotropic",306703,44838,1.25,55,93,"OUF anisotropic harmonic 5","24hr",1,29.24,"12hr",1,3.33
"Wet","Sarh.W","Kira","KRA12","KRA12B","F","Moderate","N",30,"Y","OUF anisotropic",2595505,188131,1.4,42,90,"OUF anisotropic harmonic 0","None",0,NA,"None",0,NA
"Wet","Sarh.W","Kira","KRA13","KRA13A","M","Good","N",52,"Y","OUF anisotropic",138517,26722,1.06,83,97,"OUF anisotropic harmonic 6","None",0,NA,"24hr",1,3.99
"Wet","Sarh.W","Kira","KRA14","KRA14A","M","Moderate","Y",53,"Y","OUF anisotropic",653258,50566,0.82,70,93,"OUF anisotropic harmonic 4","24hr",1,15.97,"24hr",1,3.91
"Wet","Sarh.W","Kira","KRA14","KRA14B","F","Moderate","Y",12,"Y","OUF anisotropic",97893,11972,0.71,80,95,"OUF anisotropic harmonic 8","24hr",1,30.42,"6hr",1,7.07
"Wet","Sarh.W","Kira","KRA15","KRA15A","M","Good","N",40,"Y","OU anisotropic",69694,11284,NA,41,84,"OU anisotropic harmonic 9","24hr",1,55.06,NA,NA,NA
"Wet","Sarh.W","Kira","KRA16","KRA16A","F",NA,"N",53,"Y","OU anisotropic",28391,4051,NA,86,97,"OU anisotropic harmonic 1","None",0,NA,NA,NA,NA
"Wet","Sarh.W","Kira","KRA17","KRA17A","M","Good","Y",51,"Y","OUF anisotropic",3468171,221069,1.35,71,84,"OUF anisotropic harmonic 6","24hr",1,32.56,"12hr",1,7.89
"Wet","Sarh.W","Kira","KRA18","KRA18A","F","Moderate","N",12,"Y","OUF anisotropic",33857,8615,0.83,80,99,"OUf anisotropic harmonic 0","None",0,NA,"None",0,NA
"Wet","Sarh.W","Kira","KRA19","KRA19A","M","Good","N",52,"Y","OUF anisotropic",82865,14830,0.84,83,97,"OUF anisotropic harmonic 24","24hr",1,26.52,"12hr",1,15.15
"Wet","Sarh.W","Kira","KRA19","KRA19B","F","Moderate","N",52,"Y","OUF anisotropic",19370,4904,0.5,94,99,"OUF anisotropic harmonic 15","None",0,NA,"12hr",1,12.12
"Wet","Sarh.W","Kira","KRA19","KRA19C","F","Moderate","N",52,"Y","OUF anisotropic",51966,12124,0.9,79,97,"OUF anisotropic harmonic 11","None",0,NA,"24hr",1,7.39
"Wet","Sarh.W","Kira","KRA20","KRA20A","M","Good","N",51,"Y","OU anisotropic",26149,4454,NA,63,99,"OU anisotropic harmonic 5","24hr",1,16.99,NA,NA,NA
"Wet","Sarh.W","Kira","KRA21","KRA21A","M","Moderate","N",11,"Y","OUF anisotropic",631579,94624,0.95,37,90,"OUF anisotropic harmonic 3","24hr",1,37.14,"12hr",1,5.87
"Wet","Sarh.W","Kira","KRA22","KRA22A","M","Moderate","N",48,"Y","OU anisotropic",57882,9874,NA,68,78,"OUF anisotropic harmonic 4","24hr",1,24.97,NA,NA,0
"Wet","Sarh.W","Kira","KRA23","KRA23A","F","Poor","Y",52,"Y","OUF anisotropic",2479621,142108,1.18,34,78,"OUF anisotropic harmonic 7","24hr",1,24.18,"6hr",1,8.31
"Wet","Sarh.W","Kira","KRA23","KRA23B","F","Moderate","Y",52,"Y","OUF anisotropic",1194762,99626,0.99,52,85,"OUF anisotropic harmonic 7","24hr",1,25.11,"24hr",1,8.4
"Wet","Sarh.W","Kira","KRA23","KRA23C","M","Good","Y",11,"Y","OU anisotropic",88078,19480,NA,67,95,"OUF anisotropic harmonic 1","None",0,NA,NA,NA,0
"Wet","Sarh.W","Kira","KRA24","KRA24A","M","Good","N",52,"Y","OU anisotropic",59828,5524,NA,76,89,"OU anisotropic harmonic 9","24hr",1,22.54,NA,NA,NA
"Wet","Sarh.W","Kira","KRA25","KRA25A","M","Poor","Y",52,"Y","OUF anisotropic",1491599,132442,1.87,68,78,"OUF anisotropic harmonic 5","24hr",1,41.59,"24hr",1,3.95
"Wet","Sarh.W","Kira","KRA25","KRA25B","F","Good","Y",11,"Y","OUF anisotropic",1123340,163729,1.15,72,77,"OUF anisotropic harmonic 1","None",0,NA,"12hr",1,3.87
"Wet","Sarh.W","Kira","KRA25","KRA25C","M","Good","Y",32,"Y","OUF anisotropic",1969265,146034,1.5,79,83,"OUF anisotropic harmonic 3","12hr",1,21.63,"6hr",1,3.98
"Wet","Sarh.W","Kira","KRA26","KRA26A","F","Poor","N",52,"Y","OUF anisotropic",3549327,314532,1.42,66,74,"OUF anisotropic harmonic 4","24hr",1,22.65,"12hr",1,4.96
"Wet","Sarh.W","Kira","KRA27","KRA27A","M","Good","Y",41,"Y","OUF anisotropic",849340,64812,1.44,0,90,"OUF anisotropic harmonic 4","24hr",1,18.57,"12hr",1,2.54
"Wet","Sarh.W","Kira","KRA28","KRA28A","F","Poor","Y",41,"Y","OU anisotropic",24439,2855,NA,NA,98,"OU anisotropic harmonic 6","12hr",1,21.73,NA,NA,NA
"Wet","Sarh.E","Marabodokouya","MAR01","MAR01A","M","Poor","Y",54,"Y","OUF anisotropic",50782502,11658778,1.36,65,76,"OUF anisotropic harmonic 4","None",0,NA,"12hr",1,8.67
"Wet","Sarh.E","Marabodokouya","MAR01","MAR01B","M","Moderate","Y",15,"Y","OUF anisotropic",2110803,282614,1.31,74,79,"OUF anisotropic harmonic 10","24hr",1,64.21,"24hr",1,24.52
"Wet","Sarh.E","Marabodokouya","MAR02","MAR02A","F","Poor","N",39,"Y","OUF anisotropic",185190,36979,0.99,62,96,"OUF anisotropic harmonic 6","24hr",1,24.77,"12hr",1,4.86
"Wet","Sarh.E","Marabodokouya","MAR02","MAR02B","M","Poor","N",25,"Y","OU anisotropic",38076,4797,NA,75,98,"OU anisotropic harmonic 2","24hr",1,17.33,NA,NA,NA
"Wet","Sarh.E","Marabodokouya","MAR02","MAR02C","M","Poor","N",53,"Y","OUF anisotropic",55720,10391,0.76,72,98,"OUF anisotropic harmonic 13","24hr",1,21.16,"12hr",1,6.43
"Wet","Sarh.E","Marabodokouya","MAR03","MAR03A","M","Poor","Y",9,"N","OUF anisotropic",147924657,48635069,1.38,29,36,"OUF anisotropic harmonic 1","12hr",1,19.79,"6hr",1,14.71
"Wet","Sarh.E","Marabodokouya","MAR03","MAR03B","M","Moderate","Y",53,"Y","OUF anisotropic",54723169,13882885,1.4,46,63,"OUF anisotropic harmonic 1","24hr",1,2.8,"12hr",1,1.67
"Wet","Sarh.E","Marabodokouya","MAR04","MAR04A","M","Poor","Y",26,"Y","OUF anisotropic",922292,187299,0.95,45,95,"OUF anisotropic harmonic 1","12hr",1,13.77,"12hr",1,2.42
"Wet","Sarh.E","Marabodokouya","MAR04","MAR04B","F","Moderate","Y",54,"Y","OUF anisotropic",10309039,2666215,1,68,75,"OUF anisotropic harmonic 9","24hr",1,19.34,"24hr",1,21.31
"Wet","Sarh.E","Marabodokouya","MAR06","MAR06A","F","Poor","Y",48,"Y","OUF anisotropic",18547894,2787277,1.9,57,63,"OUF anisotropic harmonic 4","24hr",1,27.98,"3hr",1,10.95
"Wet","Sarh.E","Marabodokouya","MAR06","MAR06B","F","Moderate","Y",16,"Y","OUF anisotropic",22162833,2648669,1.29,76,81,"OUF anisotropic harmonic 1","None",0,NA,"6hr",1,5.27
"Wet","Sarh.E","Marabodokouya","MAR06","MAR06C","M","Good","Y",54,"Y","OUF anisotropic",28855200,3815189,1.64,54,56,"OUF anisotropic harmonic 7","24hr",1,36.09,"6hr",1,18.34
"Wet","Sarh.E","Marabodokouya","MAR06","MAR06D","F","Moderate","Y",54,"Y","OUF anisotropic",31925145,4541301,1.82,44,47,"OUF anisotropic harmonic 7","24hr",1,35.93,"12hr",1,16.98
"Wet","Sarh.E","Marabodokouya","MAR06","MAR06E","M","Poor","Y",54,"Y","OUF anisotropic",23864792,3613641,1.71,53,55,"OUF anisotropic harmonic 5","24hr",1,39.38,"3hr",1,17.3
"Wet","Sarh.E","Marabodokouya","MAR06","MAR06F","M","Poor","Y",54,"Y","OUF anisotropic",21678201,2161340,1.64,65,69,"OUF anisotropic harmonic 5","None",0,NA,"24hr",1,12.84
"Wet","Sarh.E","Marabodokouya","MAR07","MAR07A","F","Poor","Y",53,"Y","OUF anisotropic",9334951,1289671,1.06,58,87,"OUF anisotropic harmonic 0","None",0,NA,"None",0,NA
"Wet","Sarh.E","Marabodokouya","MAR08","MAR08A","M",NA,"N",34,"Y","OUF anisotropic",14888360,1173254,1.41,62,70,"OUF anisotropic harmonic 9","24hr",1,52.14,"24hr",1,27.77
"Wet","Sarh.E","Marabodokouya","MAR09","MAR09A","F","Moderate","Y",53,"Y","OUF anisotropic",7244538,1566512,1.63,70,80,"OUF anisotropic harmonic 8","None",0,NA,"12hr",1,16.75
"Wet","Sarh.E","Marabodokouya","MAR09","MAR09B","F","Poor","Y",51,"Y","OUF anisotropic",10569879,1401639,1.63,44,54,"OUF anisotropic harmonic 7","None",0,NA,"12hr",1,11.04
"Wet","Sarh.E","Marabodokouya","MAR10","MAR10A","M","Good","Y",54,"Y","OUF anisotropic",16152146,1570166,1.69,25,59,"OUF anisotropic harmonic 6","24hr",1,52.28,"12hr",1,16.72
"Wet","Sarh.E","Marabodokouya","MAR10","MAR10B","F","Poor","Y",53,"Y","OUF anisotropic",12956928,1274428,1.5,44,69,"OUF anisotropic harmonic 5","24hr",1,44.95,"12hr",1,16.34
"Wet","Sarh.E","Marabodokouya","MAR10","MAR10C","F","Moderate","Y",53,"Y","OUF anisotropic",11661362,1195003,1.22,52,77,"OUF anisotropic harmonic 8","24hr",1,43.82,"12hr",1,17.26
"Wet","Sarh.E","Marabodokouya","MAR11","MAR11A","F","Poor","Y",54,"Y","OUF anisotropic",507020,117311,0.91,80,95,"OUF anisotropic harmonic 0","None",0,NA,"None",0,NA
"Wet","Sarh.E","Marabodokouya","MAR12","MAR12A","M","Poor","Y",27,"Y","OUF anisotropic",2845530,551867,1.04,83,93,"OUF anisotropic harmonic 0","None",0,NA,"None",0,NA
"Wet","Sarh.E","Marabodokouya","MAR12","MAR12B","M","Poor","Y",50,"Y","OUF anisotropic",2673195,499894,0.87,81,92,"OUF anisotropic harmonic 3","None",0,NA,"24hr",1,4.28
"Wet","Sarh.E","Marabodokouya","MAR13","MAR13A","F","Poor","N",53,"Y","OUF anisotropic",1350440,179759,1.26,70,76,"OUF anisotropic harmonic 5","24hr",1,57.31,"12hr",1,14.3
"Wet","Sarh.E","Marabodokouya","MAR14","MAR14A","F","Poor","Y",53,"Y","OUF anisotropic",81366567,14200451,1.66,56,67,"OUF anisotropic harmonic 11","24hr",1,15.39,"12hr",1,15.58
"Wet","Sarh.E","Marabodokouya","MAR15","MAR15A","M","Good","Y",48,"Y","OUF isotropic",8283502,1212546,1.5,51,62,"OUF anisotropic harmonic 10","24hr",1,35.81,"6hr",1,18.75
"Wet","Sarh.E","Marabodokouya","MAR16","MAR16A","M","Moderate","Y",17,"Y","OUF anisotropic",35705916,5531635,1.64,53,60,"OUF anisotropic harmonic 8","None",0,NA,"12hr",1,15.7
"Wet","Sarh.E","Marabodokouya","MAR16","MAR16B","M","Moderate","Y",52,"Y","OUF anisotropic",27589565,2363777,1.61,59,70,"OUF anisotropic harmonic 5","None",0,NA,"12hr",1,11.42
"Wet","Sarh.E","Marabodokouya","MAR17","MAR17A","F","Moderate","Y",51,"Y","OUF anisotropic",16963612,1618207,1.34,35,75,"OUF anisotropic harmonic 4","None",0,NA,"24hr",1,11.44
"Wet","Sarh.E","Marabodokouya","MAR17","MAR17B","M","Moderate","Y",51,"Y","OUF anisotropic",19603346,1636697,1.39,61,78,"OUF anisotropic harmonic 7","24hr",1,31.14,"24hr",1,13.43
"Wet","Sarh.E","Marabodokouya","MAR18","MAR18A","F","Moderate","Y",54,"N","OUF anisotropic",77828080,20051210,1.09,15,95,"OUF anisotropic harmonic 0","None",0,NA,"None",0,NA
"Wet","Sarh.E","Marabodokouya","MAR18","MAR18B","M","Good","Y",13,"N","OUF anisotropic",130411304,43138237,1.41,29,79,"OUF anisotropic harmonic 2","12hr",1,5.85,"24hr",1,6.39
"Wet","Sarh.E","Marabodokouya","MAR18","MAR18C","M","Good","Y",32,"Y","OUF anisotropic",59318686,17526887,1.56,11,78,"OUF anisotropic harmonic 2","24hr",1,16.06,"24hr",1,10.42
"Wet","Sarh.E","Marabodokouya","MAR19","MAR19A","F","Moderate","Y",13,"Y","OUF isotropic",5258093,899582,1.64,54,59,"OUF isotropic harmonic 9","12hr",1,44.09,"12hr",1,20.06
"Wet","Sarh.E","Marabodokouya","MAR20","MAR20A","M","Moderate","Y",50,"Y","OUF anisotropic",70024058,13388369,1.46,61,64,"OUF anisotropic harmonic 2","24hr",1,7.8,"12hr",1,5.61
"Wet","Sarh.E","Marabodokouya","MAR20","MAR20B","F","Poor","Y",46,"Y","OUF anisotropic",51781287,10327225,1.12,77,84,"OUF anisotropic harmonic 4","None",0,NA,"6hr",1,8.05
"Wet","Sarh.E","Marabodokouya","MAR21","MAR21A","M","Good","Y",16,"N","OUF anisotropic",692602999,220322324,1.65,38,41,"OUF anisotropic harmonic 1","12hr",1,1.99,"12hr",1,2.58
"Wet","Sarh.E","Marabodokouya","MAR21","MAR21B","F",NA,"Y",45,"Y","OUF anisotropic",7793870,508385,1.08,79,88,"OUF anisotropic harmonic 0","None",0,NA,"None",0,NA
"Wet","Sarh.E","Marabodokouya","MAR21","MAR21C","M",NA,"Y",30,"Y","OUF anisotropic",35198456,3476391,1.6,74,76,"OUF anisotropic harmonic 5","24hr",1,33.55,"24hr",1,16.58
"Wet","Sarh.E","Marabodokouya","MAR22","MAR22A","M","Poor","Y",11,"Y","OUF anisotropic",18168638,3232941,1.33,70,73,"OUF anisotropic harmonic 5","None",0,NA,"3hr",1,19.04
"Wet","Sarh.E","Marabodokouya","MAR23","MAR23A","F","Moderate",NA,50,"Y","OUF anisotropic",497281,44010,0.91,78,93,"OUF anisotropic harmonic 3","24hr",1,13.71,"24hr",1,3.01
"Wet","Sarh.E","Marabodokouya","MAR24","MAR24A","M","Moderate","N",24,"Y","OU anisotropic",109317,16005,NA,83,95,"OU anisotropic harmonic 0","None",0,NA,"None",0,NA
"Wet","Sarh.E","Marabodokouya","MAR25","MAR25A","F","Moderate","N",50,"Y","OUF anisotropic",11218001,1687288,1.42,66,72,"OUF anisotropic harmonic 9","None",0,NA,"12hr",1,10.5
"Wet","Sarh.E","Marabodokouya","MAR26","MAR26A","F","Poor",NA,51,"Y","OU anisotropic",84515,19102,NA,83,95,"OU anisotropic harmonic 5","None",0,NA,NA,NA,NA
"Wet","Sarh.E","Marabodokouya","MAR27","MAR27A","F","Moderate",NA,40,"Y","OUF anisotropic",15489276,2587566,1.69,62,71,"OUF anisotropic harmonic 1","None",0,NA,"24hr",1,3.34
"Wet","Sarh.E","Marabodokouya","MAR28","MAR28A","F","Moderate","Y",33,"Y","OUF anisotropic",11558836,865222,2.03,53,65,"OUF anisotropic harmonic 2","24hr",1,26.98,"24hr",1,4.13
"Wet","Sarh.E","Marabodokouya","MAR28","MAR28B","F","Moderate","Y",38,"Y","OUF anisotropic",15266813,1789208,3.57,52,58,"OUF anisotropic harmonic 5","24hr",1,46.61,"6hr",1,6.64
"Wet","Sarh.E","Marabodokouya","MAR29","MAR29A","F","Poor","Y",37,"Y","OUF anisotropic",3602991,228836,1.37,69,77,"OUF anisotropic harmonic 4","24hr",1,40.78,"24hr",1,11.09
"Wet","Sarh.E","Marabodokouya","MAR30","MAR30A","M","Good","Y",51,"Y","OUF anisotropic",19811872,2264824,1.7,54,57,"OUF anisotropic harmonic 11","None",0,NA,"12hr",1,8.9
"Wet","Sarh.E","Marabodokouya","MAR31","MAR31A","F","Poor","Y",36,"Y","OUF anisotropic",20327672,2012029,1.86,44,66,"OUF anisotropic harmonic 4","24hr",1,41.94,"24hr",1,12.81
"Wet","Sarh.E","Marabodokouya","MAR34","MAR34A","M","Good","Y",37,"Y","OUF anisotropic",27550670,2879953,1.57,76,78,"OUF anisotropic harmonic 10","12hr",1,15.56,"12hr",1,15.03
"Wet","Guelendeng","Medegue","MED01","MED01A","F","Moderate","N",30,"Y","OU anisotropic",96224,10963,NA,0,89,"OU anisotropic harmonic 0","None",0,NA,"None",0,NA
"Wet","Guelendeng","Medegue","MED02","MED02A","F","Poor","N",30,"Y","OUF anisotropic",80379,10137,1.37,71,89,"OUF anisotropic harmonic 5","24hr",1,25.78,"12hr",1,1.74
"Wet","Guelendeng","Medegue","MED02","MED02B","F","Moderate","N",42,"Y","OU anisotropic",19663,2209,NA,91,97,"OU anisotropic harmonic 6","12hr",1,17.71,NA,NA,NA
"Wet","Guelendeng","Medegue","MED04","MED04A","F","Poor","N",21,"Y","OUF anisotropic",255554,22151,1.76,72,89,"OUF anisotropic harmonic 7","24hr",1,47.29,"24hr",1,3.56
"Wet","Guelendeng","Medegue","MED05","MED05A","M","Good","N",27,"Y","OU anisotropic",389635,27145,NA,75,84,"OU anisotropic harmonic 8","24hr",1,44.32,NA,NA,NA
"Wet","Guelendeng","Medegue","MED06","MED06A","M","Poor","N",42,"Y","OUF anisotropic",1986342,501160,0.8,77,93,"OUF anisotropic harmonic 1","None",0,NA,"12hr",1,3.53
"Wet","Guelendeng","Medegue","MED07","MED07A","F","Moderate","N",2,"Y","OU anisotropic",186856,40810,NA,67,90,"OUF anisotropic harmonic 1","None",0,NA,NA,NA,0
"Wet","Guelendeng","Medegue","MED08","MED08A","F","Poor","N",43,"Y","OUF anisotropic",223156,14165,1.32,77,93,"OUF anisotropic harmonic 21","3hr",1,26.99,"12hr",1,8.81
"Wet","Guelendeng","Medegue","MED09","MED09A","M","Moderate","N",10,"Y","OUF anisotropic",106305,17944,0.91,76,95,"OUF anisotropic harmonic 0","None",0,NA,"None",0,NA
"Wet","Guelendeng","Medegue","MED10","MED10A","M","Poor","N",22,"Y","OUF anisotropic",323590,18945,1.64,74,90,"OUF anisotropic harmonic 8","24hr",1,31.13,"12hr",1,3.82
"Wet","Guelendeng","Medegue","MED11","MED11A","F","Moderate","Y",43,"Y","OUF anisotropic",24710,2707,0.91,80,94,NA,NA,NA,NA,NA,NA,NA
"Wet","Guelendeng","Medegue","MED13","MED13A","F","Moderate","N",42,"Y","OUF anisotropic",908669,61406,1.81,72,81,"OUF anisotropic harmonic 9","24hr",1,66.93,"24hr",1,13.73
"Wet","Guelendeng","Medegue","MED13","MED13B","M","Poor","N",25,"Y","OUF anisotropic",6205420,763229,2.1,67,70,"OUF anisotropic harmonic 15","24hr",1,38.81,"12hr",1,14.8
"Wet","Guelendeng","Medegue","MED13","MED13C","F","Poor","N",34,"Y","OUF anisotropic",1732695,149287,2.02,77,80,"OUF anisotropic harmonic 9","24hr",1,37.11,"12hr",1,7.61
"Wet","Guelendeng","Medegue","MED14","MED14A","M","Poor","N",29,"Y","OU anisotropic",119304,8648,NA,84,88,"OU anisotropic harmonic 5","24hr",1,24.23,NA,NA,NA
"Wet","Guelendeng","Medegue","MED15","MED15A","F","Poor","N",69,"Y","OU anisotropic",7456,948,NA,95,98,"OU anisotropic harmonic 3","12hr",1,10.62,NA,NA,NA
"Wet","Guelendeng","Medegue","MED15","MED15B","M","Good","N",70,"Y","OU anisotropic",73825,7861,NA,85,88,"OU anisotropic harmonic 5","12hr",1,18.26,NA,NA,NA
"Wet","Guelendeng","Medegue","MED15","MED15C","M","Poor","N",19,"Y","OUF anisotropic",51197,5861,1.01,83,86,"OUF anisotropic harmonic 1","24hr",1,19.4,"24hr",1,0.6
"Wet","Guelendeng","Medegue","MED16","MED16A","M",NA,"N",34,"Y","OUF anisotropic",1046977,67735,1.72,73,80,"OUF anisotropic harmonic 6","24hr",1,41.47,"24hr",1,5.86
"Wet","Guelendeng","Medegue","MED17","MED17A","M","Moderate","N",42,"Y","OU anisotropic",91750,5429,NA,78,93,"OU anisotropic harmonic 4","24hr",1,43.45,NA,NA,NA
"Wet","Guelendeng","Medegue","MED17","MED17B","F","Poor","N",70,"Y","OUF anisotropic",37681,2847,0.7,86,91,NA,NA,NA,NA,NA,NA,NA
"Wet","Guelendeng","Medegue","MED19","MED19A","M","Moderate","N",42,"Y","OU anisotropic",289575,26209,NA,64,88,"OU anisotropic harmonic 7","None",0,NA,NA,NA,NA
"Wet","Sarh.W","Ngakedji","NGK01","NGK01A","F","Poor","N",10,"Y","OUF anisotropic",488439,65210,1.75,50,85,"OUF anisotropic harmonic 0","None",0,NA,"None",0,NA
"Wet","Sarh.W","Ngakedji","NGK02","NGK02A","M","Good","N",43,"Y","OUF anisotropic",504546,46650,1.39,66,84,"OUF anisotropic harmonic 1","24hr",1,11.58,"12hr",1,0.68
"Wet","Sarh.W","Ngakedji","NGK03","NGK03A","M","Good","N",44,"Y","OUF anisotropic",107407,14125,1.06,81,94,"OUF anisotropic harmonic 2","24hr",1,10.48,"24hr",1,0.8
"Wet","Sarh.W","Ngakedji","NGK04","NGK04A","F","Poor","N",51,"Y","OU anisotropic",12964,1694,NA,90,99,"OU anisotropic harmonic 3","24hr",1,19.2,NA,NA,NA
"Wet","Sarh.W","Ngakedji","NGK05","NGK05A","F","Moderate","N",10,"Y","OUF anisotropic",122875,17715,0.81,77,93,"OUF anisotropic harmonic 2","None",0,NA,"24hr",1,1.7
"Wet","Sarh.W","Ngakedji","NGK05","NGK05B","F","Moderate","N",45,"Y","OUF anisotropic",105116,17611,0.9,79,94,"OUF anisotropic harmonic 2","24hr",1,13.3,"24hr",1,1.38
"Wet","Sarh.W","Ngakedji","NGK06","NGK06A","F","Moderate","N",52,"Y","OUF anisotropic",465528,74771,0.81,76,92,"OUF anisotropic harmonic 0","None",0,NA,"None",0,NA
"Wet","Sarh.W","Ngakedji","NGK07","NGK07A","F","Poor","N",11,"Y","OUF anisotropic",362205,83026,1.19,87,95,"OUF anisotropic harmonic 2","None",0,NA,"None",0,NA
"Wet","Sarh.W","Ngakedji","NGK09","NGK09A","F","Poor","Y",33,"N","OUF anisotropic",6848198,1617328,1.42,24,30,"OUF anisotropic harmonic 2","None",0,NA,"6hr",1,7.6
"Wet","Sarh.W","Ngakedji","NGK09","NGK09B","M","Poor","Y",51,"Y","OU anisotropic",75759,7010,NA,76,97,"OU anisotropic harmonic 4","24hr",1,21.42,NA,NA,NA
"Wet","Sarh.W","Ngakedji","NGK10","NGK10A","M","Good","Y",9,"Y","OUF anisotropic",238031,24307,1.68,75,91,"OUF anisotropic harmonic 19","6hr",1,46.21,"6hr",1,12.15
"Wet","Sarh.W","Ngakedji","NGK10","NGK10B","M","Moderate","Y",33,"Y","OU anisotropic",17323,2338,NA,92,98,"OUF anisotropic harmonic 2","24hr",1,13.03,NA,NA,0
"Wet","Sarh.W","Ngakedji","NGK11","NGK11A","F","Poor","Y",35,"Y","OU anisotropic",21760,4094,NA,82,97,"OU anisotropic harmonic 3","24hr",1,27.02,NA,NA,NA
"Wet","Sarh.W","Ngakedji","NGK12","NGK12A","F","Poor","N",9,"Y","OU anisotropic",196871,26679,NA,21,90,"OUF anisotropic harmonic 8","24hr",1,60.01,NA,NA,0
"Wet","Sarh.W","Ngakedji","NGK13","NGK13A","F","Moderate","N",35,"Y","OU anisotropic",29938,4065,NA,69,99,"OU anisotropic harmonic 8","24hr",1,31.22,NA,NA,NA
"Wet","Sarh.W","Ngakedji","NGK15","NGK15A","M","Moderate","N",51,"Y","OU anisotropic",19200,1534,NA,86,99,"OU anisotropic harmonic 4","12hr",1,12.89,NA,NA,NA
"Wet","Sarh.W","Ngakedji","NGK16","NGK16A","F","Good","N",40,"Y","OU anisotropic",169275,9753,NA,76,88,"OUF anisotropic harmonic 6","24hr",1,28.82,NA,NA,1.31
"Wet","Sarh.W","Ngakedji","NGK20","NGK20A","F","Poor","N",41,"Y","OUF anisotropic",51544,8462,1.12,53,96,"OUF anisotropic harmonic 7","12hr",1,23.89,"12hr",1,1.81
"Wet","Sarh.W","Ngakedji","NGK21","NGK21A","M","Moderate","N",42,"Y","OU anisotropic",43180,7766,NA,55,97,"OU anisotropic harmonic 5","24hr",1,23.6,NA,NA,NA
"Wet","Sarh.W","Ngakedji","NGK22","NGK22A","M","Good","Y",10,"Y","OUF anisotropic",595369,77429,1.65,17,79,"OUF anisotropic harmonic 2","12hr",1,27.62,"6hr",1,2.57
"Wet","Sarh.E","Marabodokouya","RIN01","RIN01A","M","Good","N",13,"Y","OUF anisotropic",23765,5149,1.07,94,97,"OUF anisotropic harmonic 15","None",0,NA,"12hr",1,6.73
"Wet","Sarh.E","Marabodokouya","RIN02","RIN02A","F","Moderate","N",52,"Y","OUF anisotropic",574210,136431,0.89,80,94,"OUF anisotropic harmonic 1","None",0,NA,"12hr",1,2.76
"Wet","Sarh.E","Tarangara","TAR01","TAR01A","M","Good","Y",10,"Y","OU isotropic",3179,569,NA,98,100,"OU anisotropic harmonic 2","24hr",1,16.83,NA,NA,NA
"Wet","Sarh.E","Tarangara","TAR02","TAR02B","F","Good","Y",38,"Y","OUF anisotropic",306961,77692,0.73,91,97,"OUF anisotropic harmonic 8","None",0,NA,"24hr",1,8.33
"Wet","Sarh.E","Tarangara","TAR03","TAR03B","F","Moderate","Y",38,"Y","OU anisotropic",5420,1143,NA,97,98,"OU anisotropic harmonic 4","24hr",1,19.38,NA,NA,NA
"Wet","Sarh.E","Tarangara","TAR04","TAR04A","F","Moderate","Y",37,"Y","OUF anisotropic",333066,71410,0.96,72,95,"OUF anisotropic harmonic 0","None",0,NA,"None",0,NA
"Wet","Sarh.E","Tarangara","TAR04","TAR04B","M","Moderate","Y",37,"Y","OU anisotropic",7311,669,NA,94,99,"OU anisotropic harmonic 0","None",0,NA,"None",0,NA
"Wet","Sarh.E","Tarangara","TAR04","TAR04C","F","Poor","Y",37,"Y","OUF anisotropic",19246,2863,0.51,91,97,"OUF anisotropic harmonic 11","12hr",1,21.73,"24hr",1,5.36
"Wet","Sarh.E","Tarangara","TAR05","TAR05A","M","Poor","N",28,"Y","OUF anisotropic",699692,166930,1.49,80,93,"OUF anisotropic harmonic 4","None",0,NA,"24hr",1,5.3
"Wet","Sarh.E","Tarangara","TAR05","TAR05B","F","Poor","N",38,"Y","OUF anisotropic",1023303,266767,1.1,78,96,"OUF anisotropic harmonic 4","None",0,NA,"24hr",1,4.91
"Wet","Sarh.E","Tarangara","TAR06","TAR06A","F","Moderate","N",37,"Y","OUF anisotropic",536510,40623,1.06,88,91,"OUF anisotropic harmonic 3","12hr",1,16.26,"12hr",1,2.76
"Wet","Sarh.E","Tarangara","TAR07","TAR07A","F","Moderate","Y",37,"Y","OUF anisotropic",1978672,263932,1.04,92,93,"OUF anisotropic harmonic 2","24hr",1,23.73,"24hr",1,5.28
"Wet","Sarh.E","Tarangara","TAR08","TAR08A","F","Moderate","Y",37,"N","OUF anisotropic",212477116,67370793,0.94,61,65,"OUF anisotropic harmonic 1","12hr",1,3.5,"24hr",1,4.95
"Wet","Sarh.E","Tarangara","TAR09","TAR09A","F","Moderate","Y",10,"Y","OUF anisotropic",5348721,1035772,1.22,82,87,"OUF anisotropic harmonic 5","None",0,NA,"24hr",1,10.95
"Wet","Sarh.E","Tarangara","TAR10","TAR10A","M","Moderate","N",8,"Y","OUF anisotropic",460970,110467,1.99,87,96,"OUF anisotropic harmonic 5","None",0,NA,"None",0,NA
"Wet","Sarh.E","Tarangara","TAR11","TAR11A","F","Moderate","Y",7,"Y","OU isotropic",52586,6960,NA,33,90,"OU isotropic harmonic 10","12hr",1,48.43,NA,NA,NA
"Wet","Sarh.E","Tarangara","TAR11","TAR11B","F","Good","Y",6,"Y","OUF anisotropic",1861964,182663,1.36,81,87,"OUF anisotropic harmonic 5","None",0,NA,"24hr",1,10.79
"Wet","Sarh.E","Tarangara","TAR11","TAR11C","F","Moderate","Y",4,"Y","OUF anisotropic",68350,16665,0.67,92,97,"OUF anisotropic harmonic 1","None",0,NA,"12hr",1,1.4
"Wet","Sarh.E","Tarangara","TAR12","TAR12A","F","Moderate","Y",1,"Y","OU anisotropic",381552,76461,NA,67,87,"OU anisotropic harmonic 0","None",0,NA,"None",0,NA
"Wet","Sarh.W","Bembaya","BEM01","BEM01B","F","Moderate","N",37,"Y","OU anisotropic",18849,2346,NA,83,96,"OU anisotropic harmonic 4","24hr",1,19.76,NA,NA,NA
"Wet","Sarh.W","Bembaya","BEM01","BEM01A","M","Good","N",6,"Y","OUF anisotropic",170720,16540,1.09,74,88,"OUF anisotropic harmonic 1","None",0,NA,"24hr",1,0.94
"Wet","Sarh.W","Bembaya","BEM02","BEM02A","M","Good","Y",39,"Y","OU anisotropic",54863,6255,NA,34,95,"OUF anisotropic harmonic 2","24hr",1,12.91,NA,NA,0
"Wet","Sarh.W","Bembaya","BEM03","BEM03C","F","Moderate","Y",9,"Y","OU anisotropic",331541,78595,NA,71,95,"OU anisotropic harmonic 0","None",0,NA,"None",0,NA
"Wet","Sarh.W","Bembaya","BEM03","BEM03A","M","Poor","Y",38,"Y","OU anisotropic",134832,25342,NA,57,94,"OU anisotropic harmonic 2","24hr",1,14.6,NA,NA,NA
"Wet","Sarh.W","Bembaya","BEM03","BEM03E","M","Moderate","Y",26,"Y","OU anisotropic",10333,2126,NA,66,97,"OU anisotropic harmonic 3","12hr",1,27.92,NA,NA,NA
"Wet","Sarh.W","Bembaya","BEM03","BEM03G","F","Poor","Y",38,"Y","OUF anisotropic",170676,44748,0.93,63,90,"OUF anisotropic harmonic 0","None",0,NA,"None",0,NA
"Wet","Sarh.W","Bembaya","BEM03","BEM03F","M","Moderate","Y",38,"Y","OU anisotropic",90248,23181,NA,52,96,"OU anisotropic harmonic 6","24hr",1,26.35,NA,NA,NA
"Wet","Sarh.W","Bembaya","BEM04","BEM04A","F","Moderate","Y",39,"Y","OU anisotropic",22745,1908,NA,88,100,"OU anisotropic harmonic 1","24hr",1,8.39,NA,NA,NA
"Wet","Sarh.W","Bembaya","BEM05","BEM05B","M","Poor","Y",37,"Y","OU anisotropic",55106,16020,NA,16,94,"OUF anisotropic harmonic 2","24hr",1,14.83,NA,NA,0
"Wet","Sarh.W","Bembaya","BEM05","BEM05A","F","Moderate","Y",31,"Y","OU anisotropic",131022,22832,NA,47,89,"OU anisotropic harmonic 4","24hr",1,35.83,NA,NA,NA
"Wet","Sarh.W","Bembaya","BEM06","BEM06B","F","Moderate","N",39,"Y","OU anisotropic",37775,2608,NA,82,97,"OU anisotropic harmonic 5","24hr",1,33.95,NA,NA,NA
"Wet","Sarh.W","Bembaya","BEM06","BEM06A","F","Moderate","N",8,"Y","OUF anisotropic",12655,2873,0.93,95,99,"OUO anisotropic harmonic 0","None",0,NA,"None",0,NA
"Wet","Sarh.W","Bembaya","BEM09","BEM09B","M","Good","N",8,"Y","OUF anisotropic",275512,39823,0.75,70,88,"OUF anisotropic harmonic 4","None",0,NA,"6hr",1,5.52
"Wet","Sarh.W","Bembaya","BEM09","BEM09A","M","Poor","N",39,"Y","OU anisotropic",28172,5618,NA,77,98,"OU anisotropic harmonic 3","24hr",1,16.1,NA,NA,NA
"Wet","Sarh.W","Bembaya","BEM10","BEM10A","M","Good","N",28,"Y","OUF anisotropic",106152,24760,0.55,83,97,"OUF anisotropic harmonic 13","None",0,NA,"24hr",1,13.3
"Wet","Sarh.W","Bembaya","BEM11","BEM11B","M","Moderate","N",37,"Y","OUF anisotropic",44478,11078,0.76,24,98,"OUF anisotropic harmonic 6","None",0,NA,"3hr",1,1.76
"Wet","Sarh.W","Bembaya","BEM11","BEM11A","F","Moderate","N",37,"Y","OU anisotropic",32888,6324,NA,59,94,"OUF anisotropic harmonic 1","12hr",1,5.73,NA,NA,0
"Wet","Sarh.E","Marabodokouya","KIL01","KIL01A","M","Poor","N",12,"Y","OUF anisotropic",19965,2255,0.47,3,96,"OUF anisotropic harmonic 1","6hr",1,10.65,"6hr",1,0.43
"Wet","Sarh.E","Marabodokouya","KIL02","KIL02C","F","Poor","Y",9,"Y","OU anisotropic",9376,2476,NA,55,95,"OU anisotropic harmonic 2","24hr",1,30.65,NA,NA,NA
"Wet","Sarh.E","Marabodokouya","KIL02","KIL02A","F","Good","Y",12,"Y","OUF anisotropic",3986576,460958,1.12,69,83,"OUF anisotropic harmonic 11","None",0,NA,"24hr",1,17.94
"Wet","Sarh.E","Marabodokouya","KIL02","KIL02B","F","Poor","Y",9,"Y","OU anisotropic",92394,13504,NA,36,84,"OUF anisotropic harmonic 2","24hr",1,28.81,NA,NA,0
"Wet","Sarh.E","Marabodokouya","KIL02","KIL02D","M","Good","Y",24,"Y","OU anisotropic",42889,11675,NA,16,97,"OU anisotropic harmonic 1","None",0,NA,NA,NA,NA
"Wet","Sarh.E","Marabodokouya","KIL05","KIL05A","F",NA,"N",10,"N","OUF anisotropic",22109034,6296638,1.43,24,26,"OUF anisotropic harmonic 0","None",0,NA,"None",0,NA
"Wet","Sarh.E","Marabodokouya","KIL05","KIL05B","F",NA,"N",41,"Y","OUF anisotropic",1880180,408928,0.78,44,93,"OUF anisotropic harmonic 0","None",0,NA,"None",0,NA
"Wet","Sarh.E","Marabodokouya","KIL06","KIL06A","M","Good","N",50,"Y","OU anisotropic",32610,5834,NA,91,99,"OUF anisotropic harmonic 1","None",0,NA,NA,NA,0
"Wet","Sarh.E","Marabodokouya","KIL06","KIL06B","M","Moderate","N",26,"Y","OU anisotropic",30984,7518,NA,32,98,"OU anisotropic harmonic 3","24hr",1,15.57,NA,NA,NA
"Wet","Sarh.E","Marabodokouya","KIL08","KIL08A","F","Moderate","Y",49,"Y","OUF anisotropic",109463,11563,1.01,84,91,"OUF anisotropic harmonic 0","None",0,NA,"None",0,NA
"Wet","Sarh.E","Marabodokouya","KIL08","KIL08B","F","Moderate","Y",32,"Y","OU anisotropic",10058,1479,NA,88,96,"OUF anisotropic harmonic 4","24hr",1,19.42,NA,NA,0
"Wet","Sarh.E","Marabodokouya","KIL09","KIL09A","F","Moderate","Y",9,"Y","OU anisotropic",24532,3508,NA,92,97,"OUF anisotropic harmonic 1","None",0,NA,NA,NA,0
"Wet","Sarh.E","Marabodokouya","KIL10","KIL10A","M","Poor","N",10,"Y","OUF anisotropic",39926,4820,0.58,77,85,"OUF anisotropic harmonic 1","None",0,NA,"24hr",1,0.53
"Wet","Sarh.W","Kira","KRA01","KRA01A","F","Moderate","N",31,"Y","OU anisotropic",204558,27444,NA,73,91,"OU anisotropic harmonic 7","24hr",1,41.61,NA,NA,NA
"Wet","Sarh.W","Kira","KRA02","KRA02A","M","Good","N",19,"Y","OU anisotropic",296631,34862,NA,52,94,"OU anisotropic harmonic 0","None",0,NA,"None",0,NA
"Wet","Sarh.W","Kira","KRA02","KRA02B","F","Moderate","N",24,"Y","OUF anisotropic",1056766,100221,1.15,68,88,"OUF anisotropic harmonic 5","24hr",1,33.35,"24hr",1,5.52
"Wet","Sarh.W","Kira","KRA03","KRA03B","F","Moderate","N",51,"Y","OU anisotropic",32031,4006,NA,79,99,"OU anisotropic harmonic 1","24hr",1,8.4,NA,NA,NA
"Wet","Sarh.W","Kira","KRA04","KRA04A","F","Moderate","N",46,"Y","OUF anisotropic",136896,11999,1.07,78,93,"OUF anisotropic harmonic 8","24hr",1,19.82,"24hr",1,2.78
"Wet","Sarh.W","Kira","KRA04","KRA04B","M","Moderate","N",45,"Y","OUF anisotropic",203420,16679,1.57,73,92,"OUF anisotropic harmonic 10","24hr",1,22.88,"24hr",1,2.61
"Wet","Sarh.W","Kira","KRA05","KRA05A","M","Good","Y",31,"Y","OUF isotropic",2629769,192699,1.62,51,83,"OUF anisotropic harmonic 4","24hr",1,27.18,"24hr",1,3.82
"Wet","Sarh.W","Kira","KRA06","KRA06B","F",NA,"Y",31,"Y","OU anisotropic",27804,4040,NA,68,99,"OU anisotropic harmonic 0","None",0,NA,"None",0,NA
"Wet","Sarh.W","Kira","KRA07","KRA07A","F","Moderate","N",48,"Y","OUF anisotropic",1318884,196682,1.53,64,89,"OUF anisotropic harmonic 2","None",0,NA,"6hr",1,2.92
"Wet","Sarh.W","Kira","KRA07","KRA07B","F","Moderate","N",43,"Y","OUF anisotropic",702223,104086,0.86,66,92,"OUF anisotropic harmonic 2","None",0,NA,"24hr",1,4.39
"Wet","Sarh.W","Kira","KRA09","KRA09A","F","Moderate","N",50,"Y","OUF anisotropic",226223,18837,1.01,81,95,"OUF anisotropic harmonic 4","24hr",1,24.66,"24hr",1,3.14
"Wet","Sarh.W","Kira","KRA10","KRA10B","M","Good","Y",47,"Y","OU anisotropic",240966,24520,NA,22,86,"OU anisotropic harmonic 2","None",0,NA,NA,NA,NA
"Wet","Sarh.W","Kira","KRA10","KRA10A","F","Good","Y",51,"Y","OU anisotropic",88264,11378,NA,27,92,"OU anisotropic harmonic 5","None",0,NA,NA,NA,NA
"Wet","Sarh.W","Kira","KRA11","KRA11B","F","Good","Y",48,"Y","OUF anisotropic",544243,62700,1.31,64,91,"OUF anisotropic harmonic 12","24hr",1,30.61,"24hr",1,4.22
"Wet","Sarh.W","Kira","KRA11","KRA11A","F","Moderate","Y",18,"Y","OUF anisotropic",309155,25547,1.77,73,92,"OUF anisotropic harmonic 7","12hr",1,27.59,"24hr",1,2.75
"Wet","Sarh.W","Kira","KRA11","KRA11C","M","Moderate","Y",46,"Y","OUF anisotropic",214570,15511,0.92,76,86,"OUF anisotropic harmonic 3","24hr",1,26.03,"24hr",1,2.08
"Wet","Sarh.W","Kira","KRA12","KRA12A","F","Moderate","N",16,"Y","OUF anisotropic",385298,68826,1.01,50,88,"OUF anisotropic harmonic 3","24hr",1,34.95,"3hr",1,3.96
"Wet","Sarh.W","Kira","KRA13","KRA13A","M","Good","N",13,"Y","OU anisotropic",430483,66515,NA,40,92,"OU anisotropic harmonic 0","None",0,NA,"None",0,NA
"Wet","Sarh.W","Kira","KRA14","KRA14B","F","Good","Y",29,"N","OUF anisotropic",973879312,307897777,1.07,22,26,"OUF anisotropic harmonic 1","24hr",1,1.76,"24hr",1,4.05
"Wet","Sarh.W","Kira","KRA15","KRA15A","M","Moderate","N",49,"Y","OUF anisotropic",842698,74602,2.68,11,65,"OUF anisotropic harmonic 7","24hr",1,39.52,"24hr",1,2.41
"Wet","Sarh.W","Kira","KRA16","KRA16A","F","Poor","N",5,"N","OU anisotropic",309921,64562,NA,67,98,"OU anisotropic harmonic 0","None",0,NA,"None",0,NA
"Wet","Sarh.W","Kira","KRA17","KRA17A","M","Good","Y",48,"Y","OUF anisotropic",407768,44079,1.76,71,92,"OUF anisotropic harmonic 5","24hr",1,17.8,"12hr",1,2.29
"Wet","Sarh.W","Kira","KRA19","KRA19B","F","Moderate","N",16,"Y","OUF anisotropic",1234040,159031,0.99,69,90,"OUF anisotropic harmonic 6","None",0,NA,"24hr",1,12.67
"Wet","Sarh.W","Kira","KRA19","KRA19A","M","Moderate","N",45,"Y","OUF anisotropic",1023686,89554,1.29,64,88,"OUF anisotropic harmonic 10","24hr",1,23.46,"24hr",1,6.05
"Wet","Sarh.W","Kira","KRA19","KRA19C","F","Moderate","N",45,"Y","OUF anisotropic",1473644,131556,1.06,59,85,"OUF anisotropic harmonic 6","24hr",1,30.46,"24hr",1,7.41
"Wet","Sarh.W","Kira","KRA20","KRA20A","M","Moderate","N",32,"Y","OU anisotropic",344516,54673,NA,57,93,"OUF anisotropic harmonic 1","None",0,NA,NA,NA,0
"Wet","Sarh.W","Kira","KRA23","KRA23A","F","Poor","Y",6,"Y","OU anisotropic",241995,35182,NA,59,85,"OU anisotropic harmonic 3","None",0,NA,NA,NA,NA
"Wet","Sarh.W","Kira","KRA25","KRA25D","M","Good","Y",49,"Y","OUF anisotropic",342220,23896,1.24,71,89,"OUF anisotropic harmonic 4","24hr",1,25.85,"24hr",1,2.55
"Wet","Sarh.W","Kira","KRA25","KRA25B","F","Good","Y",48,"Y","OUF anisotropic",1039982,70614,1.13,67,76,"OUF anisotropic harmonic 5","24hr",1,31.04,"24hr",1,4.62
"Wet","Sarh.W","Kira","KRA25","KRA25C","M","Good","Y",49,"Y","OUF anisotropic",1020860,83433,1.38,69,78,"OUF anisotropic harmonic 5","24hr",1,58.52,"24hr",1,10.86
"Wet","Sarh.W","Kira","KRA27","KRA27A","M","Good","Y",49,"Y","OU anisotropic",510511,39355,NA,0,85,"OU anisotropic harmonic 4","None",0,NA,NA,NA,NA
"Wet","Sarh.W","Kira","KRA29","KRA29A","F","Good","N",50,"Y","OUF anisotropic",110071,9864,0.9,79,92,"OUF anisotropic harmonic 1","24hr",1,12.33,"24hr",1,0.57
"Wet","Sarh.W","Kira","KRA30","KRA30A","M","Moderate","N",50,"Y","OUF anisotropic",357469,32729,0.91,87,93,"OUF anisotropic harmonic 3","24hr",1,22.8,"24hr",1,3.1
"Wet","Sarh.W","Kira","KRA31","KRA31A","M","Poor","N",50,"Y","OUF anisotropic",186646,18792,1.12,80,94,"OUF anisotropic harmonic 6","24hr",1,22.29,"24hr",1,2.99
"Wet","Sarh.W","Kira","KRA32","KRA32A","M","Moderate","N",31,"Y","OU anisotropic",30500,3105,NA,80,98,"OU anisotropic harmonic 5","None",0,NA,NA,NA,NA
"Wet","Sarh.W","Kira","KRA33","KRA33A","F","Poor","N",48,"Y","OU anisotropic",25789,3696,NA,79,97,"OU anisotropic harmonic 1","24hr",1,9.54,NA,NA,NA
"Wet","Sarh.W","Kira","KRA34","KRA34B","M","Moderate","Y",48,"Y","OUF anisotropic",46631,6242,0.82,80,98,"OUF anisotropic harmonic 3","24hr",1,21.28,"24hr",1,1.26
"Wet","Sarh.W","Kira","KRA34","KRA34A","F","Poor","Y",47,"Y","OU anisotropic",99533,17328,NA,52,98,"OU anisotropic harmonic 1","None",0,NA,NA,NA,NA
"Wet","Sarh.E","Marabodokouya","MAR01","MAR01A","M","Moderate","Y",36,"Y","OU anisotropic",884941,112639,NA,62,76,"OU anisotropic harmonic 4","24hr",1,37.97,NA,NA,NA
"Wet","Sarh.E","Marabodokouya","MAR01","MAR01C","M","Poor","Y",35,"Y","OUF anisotropic",648106,80337,0.82,50,87,"OUF anisotropic harmonic 5","24hr",1,26.96,"24hr",1,5.04
"Wet","Sarh.E","Marabodokouya","MAR02","MAR02B","M","Poor","N",8,"Y","OUF anisotropic",641087,108375,1.4,69,79,"OUF anisotropic harmonic 13","24hr",1,89.05,"24hr",1,19.19
"Wet","Sarh.E","Marabodokouya","MAR02","MAR02A","F","Poor","N",3,"N","OU isotropic",4673354,1522674,NA,24,26,"OU anisotropic harmonic 0","None",0,NA,"None",0,NA
"Wet","Sarh.E","Marabodokouya","MAR04","MAR04B","F",NA,"Y",36,"Y","OUF anisotropic",10553497,2610939,1.09,55,67,"OUF anisotropic harmonic 7","None",0,NA,"24hr",1,8.33
"Wet","Sarh.E","Marabodokouya","MAR06","MAR06B","F","Moderate","Y",13,"Y","OUF anisotropic",1615717,141896,1.22,2,2,"OUF anisotropic harmonic 4","24hr",1,49.55,"24hr",1,7.78
"Wet","Sarh.E","Marabodokouya","MAR06","MAR06A","F","Moderate","Y",55,"Y","OUF anisotropic",9578072,1153940,1.37,67,70,"OUF anisotropic harmonic 6","24hr",1,20.76,"24hr",1,8.63
"Wet","Sarh.E","Marabodokouya","MAR06","MAR06D","F","Good","Y",43,"Y","OUF anisotropic",13171324,1485796,1.69,57,59,"OUF anisotropic harmonic 4","None",0,NA,"12hr",1,5.94
"Wet","Sarh.E","Marabodokouya","MAR06","MAR06C","M",NA,"Y",12,"Y","OUF isotropic",8124129,1447310,1.39,33,35,"OUF anisotropic harmonic 1","None",0,NA,"24hr",1,4.55
"Wet","Sarh.E","Marabodokouya","MAR07","MAR07A","F",NA,"Y",48,"Y","OUF anisotropic",11107978,2392693,1.02,42,72,"OUF anisotropic harmonic 1","None",0,NA,"12hr",1,3.8
"Wet","Sarh.E","Marabodokouya","MAR10","MAR10C","F","Good","Y",31,"Y","OUF anisotropic",9653552,1364113,0.95,70,86,"OUF anisotropic harmonic 2","None",0,NA,"6hr",1,3.47
"Wet","Sarh.E","Marabodokouya","MAR10","MAR10B","F","Moderate","Y",8,"N","OUF anisotropic",31576435,8586857,1.05,11,11,"OUF anisotropic harmonic 1","None",0,NA,"12hr",1,4.27
"Wet","Sarh.E","Marabodokouya","MAR13","MAR13A","F",NA,"N",36,"Y","OUF anisotropic",4307043,553982,1.14,44,68,"OUF anisotropic harmonic 5","24hr",1,41.75,"6hr",1,10.28
"Wet","Sarh.E","Marabodokouya","MAR16","MAR16B","M","Good","Y",47,"Y","OUF anisotropic",10647782,2348519,1.34,39,58,"OUF anisotropic harmonic 2","None",0,NA,"3hr",1,4.09
"Wet","Sarh.E","Marabodokouya","MAR17","MAR17C","M","Poor","Y",48,"Y","OUF anisotropic",1214049,119037,1.18,0,2,"OUF anisotropic harmonic 5","24hr",1,49.61,"24hr",1,11.72
"Wet","Sarh.E","Marabodokouya","MAR17","MAR17A","F",NA,"Y",35,"Y","OUF anisotropic",411610,52952,0.99,0,0,"OUF anisotropic harmonic 4","None",0,NA,"24hr",1,6.02
"Wet","Sarh.E","Marabodokouya","MAR18","MAR18A","F","Moderate","Y",25,"Y","OUF anisotropic",106131,14205,1.84,70,95,"OUF anisotropic harmonic 1","None",0,NA,"24hr",1,0.36
"Wet","Sarh.E","Marabodokouya","MAR18","MAR18E","M","Good","Y",38,"Y","OUF anisotropic",4420703,1155669,1.71,14,22,"OUF anisotropic harmonic 4","None",0,NA,"24hr",1,6.2
"Wet","Sarh.E","Marabodokouya","MAR19","MAR19A","F","Moderate","Y",46,"Y","OU anisotropic",933428,159589,NA,55,66,"OU anisotropic harmonic 0","None",0,NA,"None",0,NA
"Wet","Sarh.E","Marabodokouya","MAR19","MAR19C","F","Moderate","Y",35,"Y","OUF anisotropic",28831488,7713584,1.43,30,35,"OUF anisotropic harmonic 1","None",0,NA,"24hr",1,4.37
"Wet","Sarh.E","Marabodokouya","MAR19","MAR19B","F","Poor","Y",48,"Y","OUF anisotropic",31853532,9160826,1.01,39,45,"OUF anisotropic harmonic 3","24hr",1,7.62,"24hr",1,6.25
"Wet","Sarh.E","Marabodokouya","MAR20","MAR20C","F","Moderate","Y",2,"Y","OUF anisotropic",404611,54073,0.85,83,91,"OUF anisotropic harmonic 1","None",0,NA,"12hr",1,2.79
"Wet","Sarh.E","Marabodokouya","MAR22","MAR22A","M","Poor","Y",36,"Y","OUF anisotropic",1207554,123508,1.15,82,89,"OUF anisotropic harmonic 1","24hr",1,12.88,"24hr",1,1.73
"Wet","Sarh.E","Marabodokouya","MAR23","MAR23A","F","Poor",NA,45,"Y","OU anisotropic",38101,4070,NA,75,99,"OUF anisotropic harmonic 4","24hr",1,27.54,NA,NA,0
"Wet","Sarh.E","Marabodokouya","MAR25","MAR25A","F","Moderate","N",10,"Y","OUF anisotropic",988913,152328,0.9,82,84,"OUF anisotropic harmonic 2","None",0,NA,"24hr",1,5.58
"Wet","Sarh.E","Marabodokouya","MAR26","MAR26A","F","Poor",NA,35,"Y","OUF anisotropic",115663,25501,0.51,62,96,"OUF anisotropic harmonic 2","12hr",1,16.28,"24hr",1,2.77
"Wet","Sarh.E","Marabodokouya","MAR27","MAR27A","F","Poor",NA,11,"Y","OUF anisotropic",3476135,329645,1.14,78,82,"OUF anisotropic harmonic 6","24hr",1,38,"24hr",1,12.82
"Wet","Sarh.E","Marabodokouya","MAR28","MAR28A","F","Moderate","Y",12,"Y","OUF anisotropic",443857,41060,1.56,79,88,"OUF anisotropic harmonic 4","24hr",1,39.22,"12hr",1,4.23
"Wet","Sarh.E","Marabodokouya","MAR34","MAR34A","M","Good","Y",39,"Y","OU anisotropic",177702,23177,NA,84,93,"OUF anisotropic harmonic 1","3hr",1,15.34,NA,NA,0
"Wet","Sarh.E","Marabodokouya","MAR35","MAR35A","F","Moderate","Y",9,"Y","OUF anisotropic",1554847,336696,1.79,55,67,"OUF anisotropic harmonic 1","None",0,NA,"12hr",1,3.2
"Wet","Sarh.E","Marabodokouya","MAR35","MAR35B","M","Good","Y",11,"Y","OUF anisotropic",17463149,4344835,1.24,34,48,"OUF anisotropic harmonic 3","None",0,NA,"12hr",1,15.11
"Wet","Sarh.E","Marabodokouya","MAR36","MAR36A","M","Moderate","Y",28,"Y","OUF anisotropic",73197,11491,1.39,66,97,"OUF anisotropic harmonic 2","24hr",1,20.6,"24hr",1,0.74
"Wet","Sarh.E","Marabodokouya","MAR37","MAR37A","M","Moderate","Y",19,"Y","OUF anisotropic",10600182,1913390,2.31,NA,NA,"OUF anisotropic harmonic 7","24hr",1,44.66,"6hr",1,12.94
"Wet","Sarh.E","Marabodokouya","MAR38","MAR38A","F","Poor","N",46,"Y","OUF anisotropic",7183,1073,0.46,96,98,"OUF anisotropic harmonic 1","None",0,NA,"24hr",1,0.14
"Wet","Sarh.E","Marabodokouya","MAR39","MAR39D","F","Moderate","Y",16,"Y","OU anisotropic",79115,16612,NA,82,96,"OUF anisotropic harmonic 1","None",0,NA,NA,NA,0
"Wet","Sarh.E","Marabodokouya","MAR39","MAR39A","M","Poor","Y",39,"Y","OUF anisotropic",686147,65659,0.97,80,87,"OUF anisotropic harmonic 7","24hr",1,24.9,"24hr",1,5.88
"Wet","Sarh.E","Marabodokouya","MAR39","MAR39C","M","Moderate","Y",42,"Y","OU anisotropic",92423,18253,NA,68,88,"OUF anisotropic harmonic 2","24hr",1,14.3,NA,NA,0
"Wet","Sarh.E","Marabodokouya","MAR41","MAR41A","M","Poor","Y",42,"Y","OU anisotropic",84303,20981,NA,84,99,"OU anisotropic harmonic 2","None",0,NA,NA,NA,NA
"Wet","Sarh.E","Marabodokouya","MAR42","MAR42A","F","Poor","Y",48,"Y","OUF anisotropic",2018255,393406,1.3,52,58,"OUF anisotropic harmonic 7","None",0,NA,"24hr",1,9.46
"Wet","Sarh.E","Marabodokouya","MAR43","MAR43A","F","Poor","N",31,"Y","OUF anisotropic",198234,18547,0.92,58,89,"OUF anisotropic harmonic 5","24hr",1,41.12,"24hr",1,4.12
"Wet","Sarh.E","Marabodokouya","MAR44","MAR44A","F","Poor","N",47,"Y","OUF anisotropic",4631309,498635,0.96,62,73,"OUF anisotropic harmonic 3","None",0,NA,"24hr",1,10.62
"Wet","Sarh.E","Marabodokouya","MAR45","MAR45A","M","Poor","N",25,"Y","OUF anisotropic",324418,55479,0.75,67,92,"OUF anisotropic harmonic 2","None",0,NA,"24hr",1,3.25
"Wet","Sarh.E","Marabodokouya","MAR46","MAR46A","M","Moderate","Y",46,"Y","OUF anisotropic",281368,58011,0.88,61,91,"OUF anisotropic harmonic 4","None",0,NA,"24hr",1,3.61
"Wet","Sarh.E","Marabodokouya","MAR47","MAR47A","M","Good","Y",36,"Y","OUF anisotropic",8658893,1475746,0.89,57,87,"OUF anisotropic harmonic 0","None",0,NA,"None",0,NA
"Wet","Sarh.E","Marabodokouya","MAR48","MAR48A","M","Poor","Y",46,"Y","OUF anisotropic",196329,43473,0.68,80,95,"OUF anisotropic harmonic 3","None",0,NA,"24hr",1,3.49
"Wet","Sarh.E","Marabodokouya","MAR49","MAR49A","M",NA,NA,36,"Y","OUF anisotropic",3665482,812785,1.27,23,26,"OUF anisotropic harmonic 4","None",0,NA,"3hr",1,9.01
"Wet","Guelendeng","Medegue","MED01","MED01A","F","Good","N",13,"Y","OU anisotropic",363648,77093,NA,0,88,"OU anisotropic harmonic 0","None",0,NA,"None",0,NA
"Wet","Guelendeng","Medegue","MED02","MED02A","F","Moderate","N",23,"Y","OU anisotropic",570060,113325,NA,64,76,"OU anisotropic harmonic 0","None",0,NA,"None",0,NA
"Wet","Guelendeng","Medegue","MED03","MED03A","M","Moderate","N",22,"Y","OUF anisotropic",6059666,1249549,1.99,43,81,"OUF anisotropic harmonic 4","None",0,NA,"24hr",1,6.64
"Wet","Guelendeng","Medegue","MED04","MED04A","F",NA,"N",40,"Y","OUF anisotropic",2998933,414780,1.51,57,71,"OUF anisotropic harmonic 5","24hr",1,51.77,"6hr",1,10.52
"Wet","Guelendeng","Medegue","MED05","MED05A","M","Moderate","N",63,"Y","OUF anisotropic",830183,118690,2.38,59,80,"OUF anisotropic harmonic 4","None",0,NA,"24hr",1,2.47
"Wet","Guelendeng","Medegue","MED06","MED06B","M","Poor","N",48,"Y","OUF anisotropic",2183942,349025,1.49,60,69,"OUF anisotropic harmonic 6","24hr",1,62.18,"24hr",1,14.61
"Wet","Guelendeng","Medegue","MED06","MED06A","F","Moderate","N",24,"Y","OUF anisotropic",2010451,297475,2.92,60,71,"OUF anisotropic harmonic 6","24hr",1,61.05,"6hr",1,7.12
"Wet","Guelendeng","Medegue","MED07","MED07A","F","Poor","N",65,"Y","OUF anisotropic",708099,104559,1,69,86,"OUF anisotropic harmonic 4","24hr",1,31.24,"24hr",1,6.21
"Wet","Guelendeng","Medegue","MED08","MED08B","M",NA,"N",20,"Y","OU anisotropic",354042,64033,NA,73,88,"OUF anisotropic harmonic 3","None",0,NA,NA,NA,0
"Wet","Guelendeng","Medegue","MED11","MED11A","F","Moderate","Y",27,"Y","OUF anisotropic",1764516,247124,1.11,67,77,"OUF anisotropic harmonic 6","24hr",1,48.04,"6hr",1,12.59
"Wet","Guelendeng","Medegue","MED13","MED13C","F",NA,"N",60,"Y","OUF anisotropic",2468427,317739,1.72,76,82,"OUF anisotropic harmonic 1","None",0,NA,"24hr",1,0.83
"Wet","Guelendeng","Medegue","MED13","MED13D","M","Poor","N",23,"Y","OUF anisotropic",4065036,770328,2.05,49,59,"OUF anisotropic harmonic 4","24hr",1,44.95,"24hr",1,8.77
"Wet","Guelendeng","Medegue","MED13","MED13A","F",NA,"N",63,"Y","OUF anisotropic",650086,63813,2.03,70,75,"OUF anisotropic harmonic 7","24hr",1,57.79,"24hr",1,4.57
"Wet","Guelendeng","Medegue","MED15","MED15D","M","Moderate","N",41,"Y","OU anisotropic",25907,4334,NA,73,78,"OU anisotropic harmonic 6","24hr",1,43.19,NA,NA,NA
"Wet","Guelendeng","Medegue","MED15","MED15B","M","Moderate","N",22,"Y","OUF anisotropic",840346,76936,1.5,75,85,"OUF anisotropic harmonic 5","24hr",1,42.13,"24hr",1,6.64
"Wet","Guelendeng","Medegue","MED15","MED15A","F","Moderate","N",64,"Y","OUF anisotropic",37827,6557,1.01,81,88,"OUF anisotropic harmonic 5","24hr",1,19.93,"24hr",1,2.32
"Wet","Guelendeng","Medegue","MED17","MED17A","M","Good","N",64,"Y","OU anisotropic",398975,80573,NA,54,91,"OU anisotropic harmonic 1","24hr",1,14.97,NA,NA,NA
"Wet","Guelendeng","Medegue","MED17","MED17B","F","Moderate","N",23,"Y","OUF anisotropic",44327,7945,1.06,89,94,"OUf anisotropic harmonic 0","None",0,NA,"None",0,NA
"Wet","Guelendeng","Medegue","MED18","MED18C","M","Moderate","N",41,"Y","OUF anisotropic",58869,9721,1.68,65,96,"OUF anisotropic harmonic 12","None",0,NA,"24hr",1,4.42
"Wet","Guelendeng","Medegue","MED18","MED18B","M","Moderate","N",62,"Y","OUF anisotropic",86310,17045,1.22,42,95,"OUF anisotropic harmonic 3","24hr",1,20.56,"6hr",1,1.1
"Wet","Guelendeng","Medegue","MED20","MED20A","M","Moderate","N",33,"Y","OU anisotropic",50267,11019,NA,91,97,"OUF anisotropic harmonic 3","None",0,NA,NA,NA,0
"Wet","Guelendeng","Medegue","MED21","MED21A","F","Poor","Y",63,"Y","OUF anisotropic",23206,5380,0.59,91,98,"OUF anisotropic harmonic 5","None",0,NA,"12hr",1,2.66
"Wet","Guelendeng","Medegue","MED22","MED22A","M","Moderate","N",32,"Y","OUF anisotropic",569537,91760,1.04,72,87,"OUF anisotropic harmonic 2","24hr",1,13.06,"12hr",1,2.34
"Wet","Guelendeng","Medegue","MED23","MED23A","M","Poor","Y",7,"Y","OU anisotropic",1701553,297829,NA,67,83,"OU anisotropic harmonic 1","None",0,NA,NA,NA,NA
"Wet","Guelendeng","Medegue","MED24","MED24B","F","Moderate","N",57,"Y","OU anisotropic",113829,9309,NA,66,86,"OU anisotropic harmonic 4","24hr",1,14.84,NA,NA,NA
"Wet","Guelendeng","Medegue","MED25","MED25A","F","Moderate","N",47,"Y","OUF anisotropic",481878,47677,1.07,56,62,"OUF anisotropic harmonic 2","24hr",1,18.74,"24hr",1,1.84
"Wet","Guelendeng","Medegue","MED26","MED26A","M","Moderate","N",41,"Y","OUF anisotropic",74331,12506,1.4,75,96,"OUF anisotropic harmonic 3","None",0,NA,"24hr",1,1.05
"Wet","Sarh.W","Ngakedji","NGK01","NGK01A","F","Good","N",38,"Y","OUF anisotropic",629585,95352,1.63,65,85,"OUF anisotropic harmonic 5","24hr",1,36.04,"24hr",1,3.45
"Wet","Sarh.W","Ngakedji","NGK03","NGK03A","M","Good","N",35,"Y","OU anisotropic",16011,1971,NA,90,99,"OU anisotropic harmonic 1","24hr",1,17.56,NA,NA,NA
"Wet","Sarh.W","Ngakedji","NGK04","NGK04A","F","Poor","N",38,"Y","OU anisotropic",122545,18391,NA,68,97,"OU anisotropic harmonic 0","None",0,NA,"None",0,NA
"Wet","Sarh.W","Ngakedji","NGK05","NGK05B","F","Moderate","N",5,"Y","OU anisotropic",16217,3539,NA,69,99,"OU anisotropic harmonic 1","12hr",1,21.05,NA,NA,NA
"Wet","Sarh.W","Ngakedji","NGK07","NGK07A","F","Moderate","N",35,"Y","OU anisotropic",22811,2836,NA,86,98,"OU anisotropic harmonic 5","None",0,NA,NA,NA,NA
"Wet","Sarh.W","Ngakedji","NGK09","NGK09B","M","Poor","Y",39,"Y","OUF anisotropic",579382,119090,1.1,82,93,"OUF anisotropic harmonic 1","None",0,NA,"6hr",1,1.98
"Wet","Sarh.W","Ngakedji","NGK10","NGK10A","M","Poor","Y",24,"N","OU anisotropic",1646826,327109,NA,44,84,"OU anisotropic harmonic 0","None",0,NA,"None",0,NA
"Wet","Sarh.W","Ngakedji","NGK11","NGK11B","M","Moderate","Y",35,"Y","OUF anisotropic",99815,9973,0.71,83,89,"OUF anisotropic harmonic 1","12hr",1,15.89,"24hr",1,0.79
"Wet","Sarh.W","Ngakedji","NGK12","NGK12A","F","Poor","N",36,"Y","OUF anisotropic",849935,217230,0.62,37,96,"OUF anisotropic harmonic 5","None",0,NA,"12hr",1,7.12
"Wet","Sarh.W","Ngakedji","NGK13","NGK13A","F","Moderate","N",36,"Y","OU anisotropic",30838,4182,NA,71,95,"OU anisotropic harmonic 2","None",0,NA,NA,NA,NA
"Wet","Sarh.W","Ngakedji","NGK18","NGK18B","M",NA,"Y",36,"Y","OU anisotropic",8601,1378,NA,90,99,"OUF anisotropic harmonic 3","6hr",1,12.99,NA,NA,0
"Wet","Sarh.W","Ngakedji","NGK19","NGK19A","M","Poor","N",39,"N","OU anisotropic",2067221,625280,NA,3,91,"OU anisotropic harmonic 0","None",0,NA,"None",0,NA
"Wet","Sarh.W","Ngakedji","NGK22","NGK22A","M","Good","Y",22,"Y","OUF anisotropic",2245995,506287,1.42,50,73,"OUF anisotropic harmonic 4","None",0,NA,"24hr",1,7.12
"Wet","Sarh.W","Ngakedji","NGK24","NGK24B","F","Moderate","N",38,"Y","OUF anisotropic",251504,54997,1.12,26,75,"OUF anisotropic harmonic 6","24hr",1,30.05,"12hr",1,4.18
"Wet","Sarh.W","Ngakedji","NGK24","NGK24A","F","Moderate","N",39,"Y","OUF anisotropic",160089,30379,1.25,44,83,"OUF anisotropic harmonic 2","24hr",1,22.58,"12hr",1,1.29
"Wet","Sarh.E","Marabodokouya","RIN02","RIN02A","F",NA,"N",52,"Y","OUF anisotropic",20080,3447,0.83,78,97,"OUF anisotropic harmonic 3","24hr",1,10.36,"12hr",1,0.48
"Wet","Sarh.E","Marabodokouya","RIN02","RIN02B","F","Moderate","N",9,"N","OU anisotropic",194990,30018,NA,62,81,"OU anisotropic harmonic 0","None",0,NA,"None",0,NA
